Workbook

Sheet README
A1: G0 rule register: Aldrich, Metric Pattern Cutting, 4th edition (2004), tailored skirt block
A2: Belongs to SRS 1.2, Appendix A. Method ID: aldrich-mpc-4e-tailored-skirt. Rulebook version: 1.0.0 (set when G0 closes).
A4: Purpose
A5: A pattern maker and the lead developer use this workbook to transcribe, interpret and verify every rule that influences production output, so the code has a traceable source for every constant (SRS FR-020, NFR-026).
A7: How to use
A8: 1. Open the 4th edition at the page shown in 'Source page'. Fill the yellow cells only. Grey cells are formulas and must not be edited.
A9: 2. Record each constant as printed in the book (Constant as printed) and its unit (Unit as printed). The workbook converts it to millimetres exactly (Constant in mm, auto).
A10: 3. Kind B = book rule transcribed with a page reference. Kind I = interpretation, where the book is qualitative or incomplete and the project chose a numeric reading. Kind X = extension or project decision beyond the book.
A11: 4. Status flow: Open > Transcribed (or Decided for kind I and X) > Verified by the pattern maker. Only Verified rules may reach production export. Use Rejected or N/A with a note when a rule is dropped.
A12: 5. Mark 'Checked against figure' = Y when the transcription was compared with the book's diagram, not only the text.
A13: 6. Row 2 of the Rule_register is an EXAMPLE of the expected format. It is not a rule from the book and is excluded from every count. Delete it when you start.
A15: Units
... A31: This workbook contains structure and page references only. It does not reproduce the book's text or figures. Transcribe constants from your own copy and record the permission status on G0_signoff. This is not legal advice.

Sheet Rule_register
A1: Rule ID | B1: Group | C1: Piece | D1: Element | E1: What this rule decides | F1: Depends on | G1: Source page (4th ed.) | H1: Release | I1: Kind (B/I/X) | J1: Expression (transcribe or write interpretation) | K1: Constant as printed | L1: Unit as printed | M1: Constant in mm (auto) | N1: Status | O1: Verified by | P1: Verified on | Q1: Checked against figure (Y/N) | R1: Test cases | S1: Notes
A2: EXAMPLE-001 | B2: Block | C2: Back | D2: Example only: not a rule from the book | E2: Shows the expected format of a filled row | F2: hips | G2: 78 | H2: R1 | I2: B | J2: <measurement> / 4 + C1 | K2: 2 | L2: cm | M2: =IF(AND(ISNUMBER(K2),L2<>""),K2*INDEX(Lists!$B$2:$B$7,MATCH(L2,Lists!$A$2:$A$7,0)),"") -> 20 | N2: Example | O2: A. Pattern Maker | P2: 2026-10-20 | Q2: Y | R2: AT-13 | S2: Delete this row before use
A3: ALD4-TSB-001 | B3: Block | C3: Both | D3: Drafting width | E3: Overall width reference taken from hips plus a fixed amount | F3: hips | G3: 78 | H3: R1 | I3: B | L3: cm | M3: =IF(AND(ISNUMBER(K3),L3<>""),K3*INDEX(Lists!$B$2:$B$7,MATCH(L3,Lists!$A$2:$A$7,0)),"") | N3: Open
A4: ALD4-TSB-002 | B4: Block | C4: Both | D4: Centre front line | E4: Placement of the vertical reference line that forms centre front | F4: ALD4-TSB-001 | G4: 78 | H4: R1 | I4: B | L4: cm | M4: =IF(AND(ISNUMBER(K4),L4<>""),K4*INDEX(Lists!$B$2:$B$7,MATCH(L4,Lists!$A$2:$A$7,0)),"") | N4: Open
A5: ALD4-TSB-003 | B5: Block | C5: Both | D5: Hem level | E5: Vertical position of the hemline from skirt length | F5: skirt length | G5: 78 | H5: R1 | I5: B | L5: cm | M5: =IF(AND(ISNUMBER(K5),L5<>""),K5*INDEX(Lists!$B$2:$B$7,MATCH(L5,Lists!$A$2:$A$7,0)),"") | N5: Open
A6: ALD4-TSB-004 | B6: Block | C6: Both | D6: Hip level | E6: Vertical position of the hipline from waist-to-hip | F6: waist-to-hip | G6: 78 | H6: R1 | I6: B | L6: cm | M6: =IF(AND(ISNUMBER(K6),L6<>""),K6*INDEX(Lists!$B$2:$B$7,MATCH(L6,Lists!$A$2:$A$7,0)),"") | N6: Open
A7: ALD4-TSB-005 | B7: Block | C7: Back | D7: Back hip width | E7: Horizontal extent of the back at the hip: a fraction of hips plus fixed ease | F7: hips; ALD4-TSB-004 | G7: 78 | H7: R1 | I7: B | L7: cm | M7: =IF(AND(ISNUMBER(K7),L7<>""),K7*INDEX(Lists!$B$2:$B$7,MATCH(L7,Lists!$A$2:$A$7,0)),"") | N7: Open
A8: ALD4-TSB-006 | B8: Block | C8: Back | D8: Side seam to hem | E8: How the side seam is carried from the hip point to the hem | F8: ALD4-TSB-003; ALD4-TSB-005 | G8: 78 | H8: R1 | I8: B | L8: cm | M8: =IF(AND(ISNUMBER(K8),L8<>""),K8*INDEX(Lists!$B$2:$B$7,MATCH(L8,Lists!$A$2:$A$7,0)),"") | N8: Open
A9: ALD4-TSB-007 | B9: Block | C9: Back | D9: Back waist width | E9: Waist extent: a fraction of waist plus a fixed amount (includes dart intake) | F9: waist | G9: 78 | H9: R1 | I9: B | L9: cm | M9: =IF(AND(ISNUMBER(K9),L9<>""),K9*INDEX(Lists!$B$2:$B$7,MATCH(L9,Lists!$A$2:$A$7,0)),"") | N9: Open
A10: ALD4-TSB-008 | B10: Block | C10: Back | D10: Waist side-point offset | E10: Small vertical offset at the waist side and the construction lines joining it | F10: ALD4-TSB-005; ALD4-TSB-007 | G10: 78 | H10: R1 | I10: B | L10: cm | M10: =IF(AND(ISNUMBER(K10),L10<>""),K10*INDEX(Lists!$B$2:$B$7,MATCH(L10,Lists!$A$2:$A$7,0)),"") | N10: Open
A11: ALD4-TSB-009 | B11: Block | C11: Back | D11: Dart divisions | E11: Division of the construction line into equal parts to locate the two back darts | F11: ALD4-TSB-008 | G11: 78 | H11: R1 | I11: B | L11: cm | M11: =IF(AND(ISNUMBER(K11),L11<>""),K11*INDEX(Lists!$B$2:$B$7,MATCH(L11,Lists!$A$2:$A$7,0)),"") | N11: Open
A12: ALD4-TSB-010 | B12: Block | C12: Back | D12: Dart 1 length | E12: Length of the first back dart | F12: ALD4-TSB-009 | G12: 78 | H12: R1 | I12: B | L12: cm | M12: =IF(AND(ISNUMBER(K12),L12<>""),K12*INDEX(Lists!$B$2:$B$7,MATCH(L12,Lists!$A$2:$A$7,0)),"") | N12: Open
A13: ALD4-TSB-011 | B13: Block | C13: Back | D13: Dart 2 length | E13: Length of the second back dart | F13: ALD4-TSB-009 | G13: 78 | H13: R1 | I13: B | L13: cm | M13: =IF(AND(ISNUMBER(K13),L13<>""),K13*INDEX(Lists!$B$2:$B$7,MATCH(L13,Lists!$A$2:$A$7,0)),"") | N13: Open
A14: ALD4-TSB-012 | B14: Block | C14: Back | D14: Dart width (both) | E14: Standard width of each back dart | F14: none | G14: 78 | H14: R1 | I14: B | L14: cm | M14: =IF(AND(ISNUMBER(K14),L14<>""),K14*INDEX(Lists!$B$2:$B$7,MATCH(L14,Lists!$A$2:$A$7,0)),"") | N14: Open
... A72: ALD4-THR-005 | B72: Validation | C72: Both | D72: Bust limits (chart lookup only) | E72: Hard and warning limits for input validation (data on Thresholds) | F72: none | G72: n/a | H72: R1 | I72: X | L72: cm | M72: =IF(AND(ISNUMBER(K72),L72<>""),K72*INDEX(Lists!$B$2:$B$7,MATCH(L72,Lists!$A$2:$A$7,0)),"") | N72: Open
M73: =IF(AND(ISNUMBER(K73),L73<>""),K73*INDEX(Lists!$B$2:$B$7,MATCH(L73,Lists!$A$2:$A$7,0)),"")
M74: =IF(AND(ISNUMBER(K74),L74<>""),K74*INDEX(Lists!$B$2:$B$7,MATCH(L74,Lists!$A$2:$A$7,0)),"")
M75: =IF(AND(ISNUMBER(K75),L75<>""),K75*INDEX(Lists!$B$2:$B$7,MATCH(L75,Lists!$A$2:$A$7,0)),"")
M76: =IF(AND(ISNUMBER(K76),L76<>""),K76*INDEX(Lists!$B$2:$B$7,MATCH(L76,Lists!$A$2:$A$7,0)),"")
M77: =IF(AND(ISNUMBER(K77),L77<>""),K77*INDEX(Lists!$B$2:$B$7,MATCH(L77,Lists!$A$2:$A$7,0)),"")
M78: =IF(AND(ISNUMBER(K78),L78<>""),K78*INDEX(Lists!$B$2:$B$7,MATCH(L78,Lists!$A$2:$A$7,0)),"")
M79: =IF(AND(ISNUMBER(K79),L79<>""),K79*INDEX(Lists!$B$2:$B$7,MATCH(L79,Lists!$A$2:$A$7,0)),"")
M80: =IF(AND(ISNUMBER(K80),L80<>""),K80*INDEX(Lists!$B$2:$B$7,MATCH(L80,Lists!$A$2:$A$7,0)),"")
M81: =IF(AND(ISNUMBER(K81),L81<>""),K81*INDEX(Lists!$B$2:$B$7,MATCH(L81,Lists!$A$2:$A$7,0)),"")
M82: =IF(AND(ISNUMBER(K82),L82<>""),K82*INDEX(Lists!$B$2:$B$7,MATCH(L82,Lists!$A$2:$A$7,0)),"")
M83: =IF(AND(ISNUMBER(K83),L83<>""),K83*INDEX(Lists!$B$2:$B$7,MATCH(L83,Lists!$A$2:$A$7,0)),"")
M84: =IF(AND(ISNUMBER(K84),L84<>""),K84*INDEX(Lists!$B$2:$B$7,MATCH(L84,Lists!$A$2:$A$7,0)),"")
... M102: =IF(AND(ISNUMBER(K102),L102<>""),K102*INDEX(Lists!$B$2:$B$7,MATCH(L102,Lists!$A$2:$A$7,0)),"")

Sheet Thresholds
A1: Measurement | B1: Unit | C1: Chart minimum (reference, EU chart p.11) | D1: Chart maximum (reference, EU chart p.11) | E1: Hard minimum | F1: Hard maximum | G1: Warn below | H1: Warn above | I1: Hard minimum mm (auto) | J1: Hard maximum mm (auto) | K1: Basis for the decision | L1: Decided by | M1: Date
A2: Waist | B2: cm | C2: 62 | D2: 104 | I2: =IF(AND(ISNUMBER(E2),B2<>""),E2*INDEX(Lists!$B$2:$B$7,MATCH(B2,Lists!$A$2:$A$7,0)),"") | J2: =IF(AND(ISNUMBER(F2),B2<>""),F2*INDEX(Lists!$B$2:$B$7,MATCH(B2,Lists!$A$2:$A$7,0)),"")
A3: Hips | B3: cm | C3: 86 | D3: 128 | I3: =IF(AND(ISNUMBER(E3),B3<>""),E3*INDEX(Lists!$B$2:$B$7,MATCH(B3,Lists!$A$2:$A$7,0)),"") | J3: =IF(AND(ISNUMBER(F3),B3<>""),F3*INDEX(Lists!$B$2:$B$7,MATCH(B3,Lists!$A$2:$A$7,0)),"")
A4: Waist to hip | B4: cm | C4: 20 | D4: 22.7 | I4: =IF(AND(ISNUMBER(E4),B4<>""),E4*INDEX(Lists!$B$2:$B$7,MATCH(B4,Lists!$A$2:$A$7,0)),"") | J4: =IF(AND(ISNUMBER(F4),B4<>""),F4*INDEX(Lists!$B$2:$B$7,MATCH(B4,Lists!$A$2:$A$7,0)),"")
A5: Skirt length | B5: cm | I5: =IF(AND(ISNUMBER(E5),B5<>""),E5*INDEX(Lists!$B$2:$B$7,MATCH(B5,Lists!$A$2:$A$7,0)),"") | J5: =IF(AND(ISNUMBER(F5),B5<>""),F5*INDEX(Lists!$B$2:$B$7,MATCH(B5,Lists!$A$2:$A$7,0)),"")
A6: Bust (chart lookup only) | B6: cm | C6: 80 | D6: 122 | I6: =IF(AND(ISNUMBER(E6),B6<>""),E6*INDEX(Lists!$B$2:$B$7,MATCH(B6,Lists!$A$2:$A$7,0)),"") | J6: =IF(AND(ISNUMBER(F6),B6<>""),F6*INDEX(Lists!$B$2:$B$7,MATCH(B6,Lists!$A$2:$A$7,0)),"")
A8: Cross-field rules
A9: Rule | B9: Description | C9: Limit | D9: Unit | E9: Decided by | F9: Date
A10: Hips against waist | B10: Smallest and largest allowed difference between hips and waist | D10: cm
A11: Deviation from chart | B11: Difference between a personal value and the nearest chart size that triggers a re-measure warning | D11: cm
A12: Skirt length bounds | B12: Smallest and largest skirt length, optionally related to waist to floor when supplied | D12: cm
A13: Small-waist trigger | B13: Link to ALD4-FIT-001: the waist-to-hip proportion that activates the small-waist rule | D13: cm
A15: Reference ranges come from the 4 cm and 6 cm increment chart (sizes 8 to 26) and are shown only to start the discussion. Hard limits are project decisions (kind X).

Sheet Size_charts
A1: Chart 1: EU body measurements, 4 cm and 6 cm increments (page 11). Rule ALD4-CHT-001
A2: Medium height 160 to 172 cm. Transcribe the four columns used by the skirt block and chart lookup.
A3: Size | B3: Bust | C3: Waist | D3: Hips | E3: Waist to hip | F3: Unit | G3: Bust mm (auto) | H3: Waist mm (auto) | I3: Hips mm (auto) | J3: Waist to hip mm (auto) | K3: Transcribed by | L3: Verified by | M3: Verified on
A4: 8 | F4: cm | G4: =IF(AND(ISNUMBER(B4),F4<>""),B4*INDEX(Lists!$B$2:$B$7,MATCH(F4,Lists!$A$2:$A$7,0)),"") | H4: =IF(AND(ISNUMBER(C4),F4<>""),C4*INDEX(Lists!$B$2:$B$7,MATCH(F4,Lists!$A$2:$A$7,0)),"") | I4: =IF(AND(ISNUMBER(D4),F4<>""),D4*INDEX(Lists!$B$2:$B$7,MATCH(F4,Lists!$A$2:$A$7,0)),"") | J4: =IF(AND(ISNUMBER(E4),F4<>""),E4*INDEX(Lists!$B$2:$B$7,MATCH(F4,Lists!$A$2:$A$7,0)),"")
A5: 10 | F5: cm | G5: =IF(AND(ISNUMBER(B5),F5<>""),B5*INDEX(Lists!$B$2:$B$7,MATCH(F5,Lists!$A$2:$A$7,0)),"") | H5: =IF(AND(ISNUMBER(C5),F5<>""),C5*INDEX(Lists!$B$2:$B$7,MATCH(F5,Lists!$A$2:$A$7,0)),"") | I5: =IF(AND(ISNUMBER(D5),F5<>""),D5*INDEX(Lists!$B$2:$B$7,MATCH(F5,Lists!$A$2:$A$7,0)),"") | J5: =IF(AND(ISNUMBER(E5),F5<>""),E5*INDEX(Lists!$B$2:$B$7,MATCH(F5,Lists!$A$2:$A$7,0)),"")
A6: 12 | F6: cm | G6: =IF(AND(ISNUMBER(B6),F6<>""),B6*INDEX(Lists!$B$2:$B$7,MATCH(F6,Lists!$A$2:$A$7,0)),"") | H6: =IF(AND(ISNUMBER(C6),F6<>""),C6*INDEX(Lists!$B$2:$B$7,MATCH(F6,Lists!$A$2:$A$7,0)),"") | I6: =IF(AND(ISNUMBER(D6),F6<>""),D6*INDEX(Lists!$B$2:$B$7,MATCH(F6,Lists!$A$2:$A$7,0)),"") | J6: =IF(AND(ISNUMBER(E6),F6<>""),E6*INDEX(Lists!$B$2:$B$7,MATCH(F6,Lists!$A$2:$A$7,0)),"")
A7: 14 | F7: cm | G7: =IF(AND(ISNUMBER(B7),F7<>""),B7*INDEX(Lists!$B$2:$B$7,MATCH(F7,Lists!$A$2:$A$7,0)),"") | H7: =IF(AND(ISNUMBER(C7),F7<>""),C7*INDEX(Lists!$B$2:$B$7,MATCH(F7,Lists!$A$2:$A$7,0)),"") | I7: =IF(AND(ISNUMBER(D7),F7<>""),D7*INDEX(Lists!$B$2:$B$7,MATCH(F7,Lists!$A$2:$A$7,0)),"") | J7: =IF(AND(ISNUMBER(E7),F7<>""),E7*INDEX(Lists!$B$2:$B$7,MATCH(F7,Lists!$A$2:$A$7,0)),"")
A8: 16 | F8: cm | G8: =IF(AND(ISNUMBER(B8),F8<>""),B8*INDEX(Lists!$B$2:$B$7,MATCH(F8,Lists!$A$2:$A$7,0)),"") | H8: =IF(AND(ISNUMBER(C8),F8<>""),C8*INDEX(Lists!$B$2:$B$7,MATCH(F8,Lists!$A$2:$A$7,0)),"") | I8: =IF(AND(ISNUMBER(D8),F8<>""),D8*INDEX(Lists!$B$2:$B$7,MATCH(F8,Lists!$A$2:$A$7,0)),"") | J8: =IF(AND(ISNUMBER(E8),F8<>""),E8*INDEX(Lists!$B$2:$B$7,MATCH(F8,Lists!$A$2:$A$7,0)),"")
A9: 18 | F9: cm | G9: =IF(AND(ISNUMBER(B9),F9<>""),B9*INDEX(Lists!$B$2:$B$7,MATCH(F9,Lists!$A$2:$A$7,0)),"") | H9: =IF(AND(ISNUMBER(C9),F9<>""),C9*INDEX(Lists!$B$2:$B$7,MATCH(F9,Lists!$A$2:$A$7,0)),"") | I9: =IF(AND(ISNUMBER(D9),F9<>""),D9*INDEX(Lists!$B$2:$B$7,MATCH(F9,Lists!$A$2:$A$7,0)),"") | J9: =IF(AND(ISNUMBER(E9),F9<>""),E9*INDEX(Lists!$B$2:$B$7,MATCH(F9,Lists!$A$2:$A$7,0)),"")
A10: 20 | F10: cm | G10: =IF(AND(ISNUMBER(B10),F10<>""),B10*INDEX(Lists!$B$2:$B$7,MATCH(F10,Lists!$A$2:$A$7,0)),"") | H10: =IF(AND(ISNUMBER(C10),F10<>""),C10*INDEX(Lists!$B$2:$B$7,MATCH(F10,Lists!$A$2:$A$7,0)),"") | I10: =IF(AND(ISNUMBER(D10),F10<>""),D10*INDEX(Lists!$B$2:$B$7,MATCH(F10,Lists!$A$2:$A$7,0)),"") | J10: =IF(AND(ISNUMBER(E10),F10<>""),E10*INDEX(Lists!$B$2:$B$7,MATCH(F10,Lists!$A$2:$A$7,0)),"")
A11: 22 | F11: cm | G11: =IF(AND(ISNUMBER(B11),F11<>""),B11*INDEX(Lists!$B$2:$B$7,MATCH(F11,Lists!$A$2:$A$7,0)),"") | H11: =IF(AND(ISNUMBER(C11),F11<>""),C11*INDEX(Lists!$B$2:$B$7,MATCH(F11,Lists!$A$2:$A$7,0)),"") | I11: =IF(AND(ISNUMBER(D11),F11<>""),D11*INDEX(Lists!$B$2:$B$7,MATCH(F11,Lists!$A$2:$A$7,0)),"") | J11: =IF(AND(ISNUMBER(E11),F11<>""),E11*INDEX(Lists!$B$2:$B$7,MATCH(F11,Lists!$A$2:$A$7,0)),"")
A12: 24 | F12: cm | G12: =IF(AND(ISNUMBER(B12),F12<>""),B12*INDEX(Lists!$B$2:$B$7,MATCH(F12,Lists!$A$2:$A$7,0)),"") | H12: =IF(AND(ISNUMBER(C12),F12<>""),C12*INDEX(Lists!$B$2:$B$7,MATCH(F12,Lists!$A$2:$A$7,0)),"") | I12: =IF(AND(ISNUMBER(D12),F12<>""),D12*INDEX(Lists!$B$2:$B$7,MATCH(F12,Lists!$A$2:$A$7,0)),"") | J12: =IF(AND(ISNUMBER(E12),F12<>""),E12*INDEX(Lists!$B$2:$B$7,MATCH(F12,Lists!$A$2:$A$7,0)),"")
A13: 26 | F13: cm | G13: =IF(AND(ISNUMBER(B13),F13<>""),B13*INDEX(Lists!$B$2:$B$7,MATCH(F13,Lists!$A$2:$A$7,0)),"") | H13: =IF(AND(ISNUMBER(C13),F13<>""),C13*INDEX(Lists!$B$2:$B$7,MATCH(F13,Lists!$A$2:$A$7,0)),"") | I13: =IF(AND(ISNUMBER(D13),F13<>""),D13*INDEX(Lists!$B$2:$B$7,MATCH(F13,Lists!$A$2:$A$7,0)),"") | J13: =IF(AND(ISNUMBER(E13),F13<>""),E13*INDEX(Lists!$B$2:$B$7,MATCH(F13,Lists!$A$2:$A$7,0)),"")
A15: Chart 2: UK body measurements, 5 cm increments (page 12). Rule ALD4-CHT-002
A16: Medium height. The 5 cm chart has no size 8.
A17: Size | B17: Bust | C17: Waist | D17: Hips | E17: Waist to hip | F17: Unit | G17: Bust mm (auto) | H17: Waist mm (auto) | I17: Hips mm (auto) | J17: Waist to hip mm (auto) | K17: Transcribed by | L17: Verified by | M17: Verified on
A18: 10 | F18: cm | G18: =IF(AND(ISNUMBER(B18),F18<>""),B18*INDEX(Lists!$B$2:$B$7,MATCH(F18,Lists!$A$2:$A$7,0)),"") | H18: =IF(AND(ISNUMBER(C18),F18<>""),C18*INDEX(Lists!$B$2:$B$7,MATCH(F18,Lists!$A$2:$A$7,0)),"") | I18: =IF(AND(ISNUMBER(D18),F18<>""),D18*INDEX(Lists!$B$2:$B$7,MATCH(F18,Lists!$A$2:$A$7,0)),"") | J18: =IF(AND(ISNUMBER(E18),F18<>""),E18*INDEX(Lists!$B$2:$B$7,MATCH(F18,Lists!$A$2:$A$7,0)),"")
A19: 12 | F19: cm | G19: =IF(AND(ISNUMBER(B19),F19<>""),B19*INDEX(Lists!$B$2:$B$7,MATCH(F19,Lists!$A$2:$A$7,0)),"") | H19: =IF(AND(ISNUMBER(C19),F19<>""),C19*INDEX(Lists!$B$2:$B$7,MATCH(F19,Lists!$A$2:$A$7,0)),"") | I19: =IF(AND(ISNUMBER(D19),F19<>""),D19*INDEX(Lists!$B$2:$B$7,MATCH(F19,Lists!$A$2:$A$7,0)),"") | J19: =IF(AND(ISNUMBER(E19),F19<>""),E19*INDEX(Lists!$B$2:$B$7,MATCH(F19,Lists!$A$2:$A$7,0)),"")
A20: 14 | F20: cm | G20: =IF(AND(ISNUMBER(B20),F20<>""),B20*INDEX(Lists!$B$2:$B$7,MATCH(F20,Lists!$A$2:$A$7,0)),"") | H20: =IF(AND(ISNUMBER(C20),F20<>""),C20*INDEX(Lists!$B$2:$B$7,MATCH(F20,Lists!$A$2:$A$7,0)),"") | I20: =IF(AND(ISNUMBER(D20),F20<>""),D20*INDEX(Lists!$B$2:$B$7,MATCH(F20,Lists!$A$2:$A$7,0)),"") | J20: =IF(AND(ISNUMBER(E20),F20<>""),E20*INDEX(Lists!$B$2:$B$7,MATCH(F20,Lists!$A$2:$A$7,0)),"")
A21: 16 | F21: cm | G21: =IF(AND(ISNUMBER(B21),F21<>""),B21*INDEX(Lists!$B$2:$B$7,MATCH(F21,Lists!$A$2:$A$7,0)),"") | H21: =IF(AND(ISNUMBER(C21),F21<>""),C21*INDEX(Lists!$B$2:$B$7,MATCH(F21,Lists!$A$2:$A$7,0)),"") | I21: =IF(AND(ISNUMBER(D21),F21<>""),D21*INDEX(Lists!$B$2:$B$7,MATCH(F21,Lists!$A$2:$A$7,0)),"") | J21: =IF(AND(ISNUMBER(E21),F21<>""),E21*INDEX(Lists!$B$2:$B$7,MATCH(F21,Lists!$A$2:$A$7,0)),"")
A22: 18 | F22: cm | G22: =IF(AND(ISNUMBER(B22),F22<>""),B22*INDEX(Lists!$B$2:$B$7,MATCH(F22,Lists!$A$2:$A$7,0)),"") | H22: =IF(AND(ISNUMBER(C22),F22<>""),C22*INDEX(Lists!$B$2:$B$7,MATCH(F22,Lists!$A$2:$A$7,0)),"") | I22: =IF(AND(ISNUMBER(D22),F22<>""),D22*INDEX(Lists!$B$2:$B$7,MATCH(F22,Lists!$A$2:$A$7,0)),"") | J22: =IF(AND(ISNUMBER(E22),F22<>""),E22*INDEX(Lists!$B$2:$B$7,MATCH(F22,Lists!$A$2:$A$7,0)),"")
A23: 20 | F23: cm | G23: =IF(AND(ISNUMBER(B23),F23<>""),B23*INDEX(Lists!$B$2:$B$7,MATCH(F23,Lists!$A$2:$A$7,0)),"") | H23: =IF(AND(ISNUMBER(C23),F23<>""),C23*INDEX(Lists!$B$2:$B$7,MATCH(F23,Lists!$A$2:$A$7,0)),"") | I23: =IF(AND(ISNUMBER(D23),F23<>""),D23*INDEX(Lists!$B$2:$B$7,MATCH(F23,Lists!$A$2:$A$7,0)),"") | J23: =IF(AND(ISNUMBER(E23),F23<>""),E23*INDEX(Lists!$B$2:$B$7,MATCH(F23,Lists!$A$2:$A$7,0)),"")
A24: 22 | F24: cm | G24: =IF(AND(ISNUMBER(B24),F24<>""),B24*INDEX(Lists!$B$2:$B$7,MATCH(F24,Lists!$A$2:$A$7,0)),"") | H24: =IF(AND(ISNUMBER(C24),F24<>""),C24*INDEX(Lists!$B$2:$B$7,MATCH(F24,Lists!$A$2:$A$7,0)),"") | I24: =IF(AND(ISNUMBER(D24),F24<>""),D24*INDEX(Lists!$B$2:$B$7,MATCH(F24,Lists!$A$2:$A$7,0)),"") | J24: =IF(AND(ISNUMBER(E24),F24<>""),E24*INDEX(Lists!$B$2:$B$7,MATCH(F24,Lists!$A$2:$A$7,0)),"")
A25: 24 | F25: cm | G25: =IF(AND(ISNUMBER(B25),F25<>""),B25*INDEX(Lists!$B$2:$B$7,MATCH(F25,Lists!$A$2:$A$7,0)),"") | H25: =IF(AND(ISNUMBER(C25),F25<>""),C25*INDEX(Lists!$B$2:$B$7,MATCH(F25,Lists!$A$2:$A$7,0)),"") | I25: =IF(AND(ISNUMBER(D25),F25<>""),D25*INDEX(Lists!$B$2:$B$7,MATCH(F25,Lists!$A$2:$A$7,0)),"") | J25: =IF(AND(ISNUMBER(E25),F25<>""),E25*INDEX(Lists!$B$2:$B$7,MATCH(F25,Lists!$A$2:$A$7,0)),"")
A27: Chart 3: S M L XL high street sizes (page 12). Rule ALD4-CHT-003, release R2
A28: R2 only.
A29: Size | B29: Bust | C29: Waist | D29: Hips | E29: Waist to hip | F29: Unit | G29: Bust mm (auto) | H29: Waist mm (auto) | I29: Hips mm (auto) | J29: Waist to hip mm (auto) | K29: Transcribed by | L29: Verified by | M29: Verified on
A30: S | F30: cm | G30: =IF(AND(ISNUMBER(B30),F30<>""),B30*INDEX(Lists!$B$2:$B$7,MATCH(F30,Lists!$A$2:$A$7,0)),"") | H30: =IF(AND(ISNUMBER(C30),F30<>""),C30*INDEX(Lists!$B$2:$B$7,MATCH(F30,Lists!$A$2:$A$7,0)),"") | I30: =IF(AND(ISNUMBER(D30),F30<>""),D30*INDEX(Lists!$B$2:$B$7,MATCH(F30,Lists!$A$2:$A$7,0)),"") | J30: =IF(AND(ISNUMBER(E30),F30<>""),E30*INDEX(Lists!$B$2:$B$7,MATCH(F30,Lists!$A$2:$A$7,0)),"")
A31: M | F31: cm | G31: =IF(AND(ISNUMBER(B31),F31<>""),B31*INDEX(Lists!$B$2:$B$7,MATCH(F31,Lists!$A$2:$A$7,0)),"") | H31: =IF(AND(ISNUMBER(C31),F31<>""),C31*INDEX(Lists!$B$2:$B$7,MATCH(F31,Lists!$A$2:$A$7,0)),"") | I31: =IF(AND(ISNUMBER(D31),F31<>""),D31*INDEX(Lists!$B$2:$B$7,MATCH(F31,Lists!$A$2:$A$7,0)),"") | J31: =IF(AND(ISNUMBER(E31),F31<>""),E31*INDEX(Lists!$B$2:$B$7,MATCH(F31,Lists!$A$2:$A$7,0)),"")
A32: L | F32: cm | G32: =IF(AND(ISNUMBER(B32),F32<>""),B32*INDEX(Lists!$B$2:$B$7,MATCH(F32,Lists!$A$2:$A$7,0)),"") | H32: =IF(AND(ISNUMBER(C32),F32<>""),C32*INDEX(Lists!$B$2:$B$7,MATCH(F32,Lists!$A$2:$A$7,0)),"") | I32: =IF(AND(ISNUMBER(D32),F32<>""),D32*INDEX(Lists!$B$2:$B$7,MATCH(F32,Lists!$A$2:$A$7,0)),"") | J32: =IF(AND(ISNUMBER(E32),F32<>""),E32*INDEX(Lists!$B$2:$B$7,MATCH(F32,Lists!$A$2:$A$7,0)),"")
A33: XL | F33: cm | G33: =IF(AND(ISNUMBER(B33),F33<>""),B33*INDEX(Lists!$B$2:$B$7,MATCH(F33,Lists!$A$2:$A$7,0)),"") | H33: =IF(AND(ISNUMBER(C33),F33<>""),C33*INDEX(Lists!$B$2:$B$7,MATCH(F33,Lists!$A$2:$A$7,0)),"") | I33: =IF(AND(ISNUMBER(D33),F33<>""),D33*INDEX(Lists!$B$2:$B$7,MATCH(F33,Lists!$A$2:$A$7,0)),"") | J33: =IF(AND(ISNUMBER(E33),F33<>""),E33*INDEX(Lists!$B$2:$B$7,MATCH(F33,Lists!$A$2:$A$7,0)),"")
A35: Short and tall vertical adjustments (page 11). Rule ALD4-CHT-004, release R2
A36: Measurement | B36: Short women adjustment | C36: Tall women adjustment | D36: Unit | E36: Verified by | F36: Verified on
A37: Waist to knee | D37: cm
A38: Waist to floor | D38: cm

Sheet Reference_drafts
A1: Ref ID | B1: Required case | C1: Waist | D1: Hips | E1: Waist to hip | F1: Waist-to-hip source tag | G1: Skirt length | H1: Bust (optional) | I1: Unit | J1: Waist mm (auto) | K1: Hips mm (auto) | L1: Waist to hip mm (auto) | M1: Skirt length mm (auto) | N1: Adaptation preset | O1: Real consenting client (Y/N) | P1: Pattern maker | Q1: Drafted on | R1: Edition used | S1: Scan or photo file | T1: Code output checksum | U1: Max deviation mm | V1: Result | W1: Notes
A2: REF-01 | B2: Book worked example (size 12 chart values) | C2: 70 | D2: 94 | E2: 20.6 | F2: chart-derived | I2: cm | J2: =IF(AND(ISNUMBER(C2),$I2<>""),C2*INDEX(Lists!$B$2:$B$7,MATCH($I2,Lists!$A$2:$A$7,0)),"") -> 700 | K2: =IF(AND(ISNUMBER(D2),$I2<>""),D2*INDEX(Lists!$B$2:$B$7,MATCH($I2,Lists!$A$2:$A$7,0)),"") -> 940 | L2: =IF(AND(ISNUMBER(E2),$I2<>""),E2*INDEX(Lists!$B$2:$B$7,MATCH($I2,Lists!$A$2:$A$7,0)),"") -> 206 | M2: =IF(AND(ISNUMBER(G2),$I2<>""),G2*INDEX(Lists!$B$2:$B$7,MATCH($I2,Lists!$A$2:$A$7,0)),"") | N2: none | O2: N | R2: 4th ed. (2004) | V2: Pending | W2: Chart values for the size used in the book's worked example (also SRS AT-13). Skirt length chosen by the pattern maker. Pre-filled as the example of expected format.
A3: REF-02 | B3: Chart size, small end of the range | I3: cm | J3: =IF(AND(ISNUMBER(C3),$I3<>""),C3*INDEX(Lists!$B$2:$B$7,MATCH($I3,Lists!$A$2:$A$7,0)),"") | K3: =IF(AND(ISNUMBER(D3),$I3<>""),D3*INDEX(Lists!$B$2:$B$7,MATCH($I3,Lists!$A$2:$A$7,0)),"") | L3: =IF(AND(ISNUMBER(E3),$I3<>""),E3*INDEX(Lists!$B$2:$B$7,MATCH($I3,Lists!$A$2:$A$7,0)),"") | M3: =IF(AND(ISNUMBER(G3),$I3<>""),G3*INDEX(Lists!$B$2:$B$7,MATCH($I3,Lists!$A$2:$A$7,0)),"") | N3: none | R3: 4th ed. (2004) | V3: Pending
A4: REF-03 | B4: Chart size, large end of the range | I4: cm | J4: =IF(AND(ISNUMBER(C4),$I4<>""),C4*INDEX(Lists!$B$2:$B$7,MATCH($I4,Lists!$A$2:$A$7,0)),"") | K4: =IF(AND(ISNUMBER(D4),$I4<>""),D4*INDEX(Lists!$B$2:$B$7,MATCH($I4,Lists!$A$2:$A$7,0)),"") | L4: =IF(AND(ISNUMBER(E4),$I4<>""),E4*INDEX(Lists!$B$2:$B$7,MATCH($I4,Lists!$A$2:$A$7,0)),"") | M4: =IF(AND(ISNUMBER(G4),$I4<>""),G4*INDEX(Lists!$B$2:$B$7,MATCH($I4,Lists!$A$2:$A$7,0)),"") | N4: none | R4: 4th ed. (2004) | V4: Pending
A5: REF-04 | B5: Individual figure, proportions close to the chart | I5: cm | J5: =IF(AND(ISNUMBER(C5),$I5<>""),C5*INDEX(Lists!$B$2:$B$7,MATCH($I5,Lists!$A$2:$A$7,0)),"") | K5: =IF(AND(ISNUMBER(D5),$I5<>""),D5*INDEX(Lists!$B$2:$B$7,MATCH($I5,Lists!$A$2:$A$7,0)),"") | L5: =IF(AND(ISNUMBER(E5),$I5<>""),E5*INDEX(Lists!$B$2:$B$7,MATCH($I5,Lists!$A$2:$A$7,0)),"") | M5: =IF(AND(ISNUMBER(G5),$I5<>""),G5*INDEX(Lists!$B$2:$B$7,MATCH($I5,Lists!$A$2:$A$7,0)),"") | N5: none | R5: 4th ed. (2004) | V5: Pending
A6: REF-05 | B6: Individual figure, waist small for hips, just inside the trigger (no widening) | I6: cm | J6: =IF(AND(ISNUMBER(C6),$I6<>""),C6*INDEX(Lists!$B$2:$B$7,MATCH($I6,Lists!$A$2:$A$7,0)),"") | K6: =IF(AND(ISNUMBER(D6),$I6<>""),D6*INDEX(Lists!$B$2:$B$7,MATCH($I6,Lists!$A$2:$A$7,0)),"") | L6: =IF(AND(ISNUMBER(E6),$I6<>""),E6*INDEX(Lists!$B$2:$B$7,MATCH($I6,Lists!$A$2:$A$7,0)),"") | M6: =IF(AND(ISNUMBER(G6),$I6<>""),G6*INDEX(Lists!$B$2:$B$7,MATCH($I6,Lists!$A$2:$A$7,0)),"") | N6: none | R6: 4th ed. (2004) | V6: Pending
A7: REF-06 | B7: Individual figure, waist small for hips, beyond the trigger (widened darts) | I7: cm | J7: =IF(AND(ISNUMBER(C7),$I7<>""),C7*INDEX(Lists!$B$2:$B$7,MATCH($I7,Lists!$A$2:$A$7,0)),"") | K7: =IF(AND(ISNUMBER(D7),$I7<>""),D7*INDEX(Lists!$B$2:$B$7,MATCH($I7,Lists!$A$2:$A$7,0)),"") | L7: =IF(AND(ISNUMBER(E7),$I7<>""),E7*INDEX(Lists!$B$2:$B$7,MATCH($I7,Lists!$A$2:$A$7,0)),"") | M7: =IF(AND(ISNUMBER(G7),$I7<>""),G7*INDEX(Lists!$B$2:$B$7,MATCH($I7,Lists!$A$2:$A$7,0)),"") | N7: none | R7: 4th ed. (2004) | V7: Pending
A8: REF-07 | B8: Short waist to hip, measured directly | I8: cm | J8: =IF(AND(ISNUMBER(C8),$I8<>""),C8*INDEX(Lists!$B$2:$B$7,MATCH($I8,Lists!$A$2:$A$7,0)),"") | K8: =IF(AND(ISNUMBER(D8),$I8<>""),D8*INDEX(Lists!$B$2:$B$7,MATCH($I8,Lists!$A$2:$A$7,0)),"") | L8: =IF(AND(ISNUMBER(E8),$I8<>""),E8*INDEX(Lists!$B$2:$B$7,MATCH($I8,Lists!$A$2:$A$7,0)),"") | M8: =IF(AND(ISNUMBER(G8),$I8<>""),G8*INDEX(Lists!$B$2:$B$7,MATCH($I8,Lists!$A$2:$A$7,0)),"") | N8: none | R8: 4th ed. (2004) | V8: Pending
A9: REF-08 | B9: Long waist to hip, measured directly | I9: cm | J9: =IF(AND(ISNUMBER(C9),$I9<>""),C9*INDEX(Lists!$B$2:$B$7,MATCH($I9,Lists!$A$2:$A$7,0)),"") | K9: =IF(AND(ISNUMBER(D9),$I9<>""),D9*INDEX(Lists!$B$2:$B$7,MATCH($I9,Lists!$A$2:$A$7,0)),"") | L9: =IF(AND(ISNUMBER(E9),$I9<>""),E9*INDEX(Lists!$B$2:$B$7,MATCH($I9,Lists!$A$2:$A$7,0)),"") | M9: =IF(AND(ISNUMBER(G9),$I9<>""),G9*INDEX(Lists!$B$2:$B$7,MATCH($I9,Lists!$A$2:$A$7,0)),"") | N9: none | R9: 4th ed. (2004) | V9: Pending
A10: REF-09 | B10: Individual figure, straight skirt adaptation preset | I10: cm | J10: =IF(AND(ISNUMBER(C10),$I10<>""),C10*INDEX(Lists!$B$2:$B$7,MATCH($I10,Lists!$A$2:$A$7,0)),"") | K10: =IF(AND(ISNUMBER(D10),$I10<>""),D10*INDEX(Lists!$B$2:$B$7,MATCH($I10,Lists!$A$2:$A$7,0)),"") | L10: =IF(AND(ISNUMBER(E10),$I10<>""),E10*INDEX(Lists!$B$2:$B$7,MATCH($I10,Lists!$A$2:$A$7,0)),"") | M10: =IF(AND(ISNUMBER(G10),$I10<>""),G10*INDEX(Lists!$B$2:$B$7,MATCH($I10,Lists!$A$2:$A$7,0)),"") | N10: none | R10: 4th ed. (2004) | V10: Pending
A11: REF-10 | B11: Individual figure, extreme skirt length (short or long) | I11: cm | J11: =IF(AND(ISNUMBER(C11),$I11<>""),C11*INDEX(Lists!$B$2:$B$7,MATCH($I11,Lists!$A$2:$A$7,0)),"") | K11: =IF(AND(ISNUMBER(D11),$I11<>""),D11*INDEX(Lists!$B$2:$B$7,MATCH($I11,Lists!$A$2:$A$7,0)),"") | L11: =IF(AND(ISNUMBER(E11),$I11<>""),E11*INDEX(Lists!$B$2:$B$7,MATCH($I11,Lists!$A$2:$A$7,0)),"") | M11: =IF(AND(ISNUMBER(G11),$I11<>""),G11*INDEX(Lists!$B$2:$B$7,MATCH($I11,Lists!$A$2:$A$7,0)),"") | N11: none | R11: 4th ed. (2004) | V11: Pending
A13: Composition rules: ten cases covering the list above; at least three from real, consenting clients; every draft by hand from the same edition as the code; the pattern maker records the draft's own precision, which feeds the code-versus-hand tolerance on G0_signoff.

Sheet Grade_tables
A1: Point no. (book figure) | B1: Piece | C1: Landmark name (from figure) | D1: Horizontal increment (dx) | E1: Vertical increment (dy) | F1: Unit | G1: dx mm (auto) | H1: dy mm (auto) | I1: Source page | J1: Verified by | K1: Verified on | L1: Notes
A2: 1 | B2: Back | F2: mm | G2: =IF(AND(ISNUMBER(D2),F2<>""),D2*INDEX(Lists!$B$2:$B$7,MATCH(F2,Lists!$A$2:$A$7,0)),"") | H2: =IF(AND(ISNUMBER(E2),F2<>""),E2*INDEX(Lists!$B$2:$B$7,MATCH(F2,Lists!$A$2:$A$7,0)),"") | I2: 165
A3: 2 | B3: Back | F3: mm | G3: =IF(AND(ISNUMBER(D3),F3<>""),D3*INDEX(Lists!$B$2:$B$7,MATCH(F3,Lists!$A$2:$A$7,0)),"") | H3: =IF(AND(ISNUMBER(E3),F3<>""),E3*INDEX(Lists!$B$2:$B$7,MATCH(F3,Lists!$A$2:$A$7,0)),"") | I3: 165
A4: 3 | B4: Back | F4: mm | G4: =IF(AND(ISNUMBER(D4),F4<>""),D4*INDEX(Lists!$B$2:$B$7,MATCH(F4,Lists!$A$2:$A$7,0)),"") | H4: =IF(AND(ISNUMBER(E4),F4<>""),E4*INDEX(Lists!$B$2:$B$7,MATCH(F4,Lists!$A$2:$A$7,0)),"") | I4: 165
A5: 4 | B5: Back | F5: mm | G5: =IF(AND(ISNUMBER(D5),F5<>""),D5*INDEX(Lists!$B$2:$B$7,MATCH(F5,Lists!$A$2:$A$7,0)),"") | H5: =IF(AND(ISNUMBER(E5),F5<>""),E5*INDEX(Lists!$B$2:$B$7,MATCH(F5,Lists!$A$2:$A$7,0)),"") | I5: 165
A6: 5 | B6: Back | F6: mm | G6: =IF(AND(ISNUMBER(D6),F6<>""),D6*INDEX(Lists!$B$2:$B$7,MATCH(F6,Lists!$A$2:$A$7,0)),"") | H6: =IF(AND(ISNUMBER(E6),F6<>""),E6*INDEX(Lists!$B$2:$B$7,MATCH(F6,Lists!$A$2:$A$7,0)),"") | I6: 165
A7: 6 | B7: Back | F7: mm | G7: =IF(AND(ISNUMBER(D7),F7<>""),D7*INDEX(Lists!$B$2:$B$7,MATCH(F7,Lists!$A$2:$A$7,0)),"") | H7: =IF(AND(ISNUMBER(E7),F7<>""),E7*INDEX(Lists!$B$2:$B$7,MATCH(F7,Lists!$A$2:$A$7,0)),"") | I7: 165
A8: 7 | B8: Back | F8: mm | G8: =IF(AND(ISNUMBER(D8),F8<>""),D8*INDEX(Lists!$B$2:$B$7,MATCH(F8,Lists!$A$2:$A$7,0)),"") | H8: =IF(AND(ISNUMBER(E8),F8<>""),E8*INDEX(Lists!$B$2:$B$7,MATCH(F8,Lists!$A$2:$A$7,0)),"") | I8: 165
A9: 8 | B9: Back | F9: mm | G9: =IF(AND(ISNUMBER(D9),F9<>""),D9*INDEX(Lists!$B$2:$B$7,MATCH(F9,Lists!$A$2:$A$7,0)),"") | H9: =IF(AND(ISNUMBER(E9),F9<>""),E9*INDEX(Lists!$B$2:$B$7,MATCH(F9,Lists!$A$2:$A$7,0)),"") | I9: 165
A10: 9 | B10: Back | F10: mm | G10: =IF(AND(ISNUMBER(D10),F10<>""),D10*INDEX(Lists!$B$2:$B$7,MATCH(F10,Lists!$A$2:$A$7,0)),"") | H10: =IF(AND(ISNUMBER(E10),F10<>""),E10*INDEX(Lists!$B$2:$B$7,MATCH(F10,Lists!$A$2:$A$7,0)),"") | I10: 165
A11: 10 | B11: Back | F11: mm | G11: =IF(AND(ISNUMBER(D11),F11<>""),D11*INDEX(Lists!$B$2:$B$7,MATCH(F11,Lists!$A$2:$A$7,0)),"") | H11: =IF(AND(ISNUMBER(E11),F11<>""),E11*INDEX(Lists!$B$2:$B$7,MATCH(F11,Lists!$A$2:$A$7,0)),"") | I11: 165
A12: 11 | B12: Back | F12: mm | G12: =IF(AND(ISNUMBER(D12),F12<>""),D12*INDEX(Lists!$B$2:$B$7,MATCH(F12,Lists!$A$2:$A$7,0)),"") | H12: =IF(AND(ISNUMBER(E12),F12<>""),E12*INDEX(Lists!$B$2:$B$7,MATCH(F12,Lists!$A$2:$A$7,0)),"") | I12: 165
A13: 12 | B13: Front | F13: mm | G13: =IF(AND(ISNUMBER(D13),F13<>""),D13*INDEX(Lists!$B$2:$B$7,MATCH(F13,Lists!$A$2:$A$7,0)),"") | H13: =IF(AND(ISNUMBER(E13),F13<>""),E13*INDEX(Lists!$B$2:$B$7,MATCH(F13,Lists!$A$2:$A$7,0)),"") | I13: 165
... A20: 19 | B20: Front | F20: mm | G20: =IF(AND(ISNUMBER(D20),F20<>""),D20*INDEX(Lists!$B$2:$B$7,MATCH(F20,Lists!$A$2:$A$7,0)),"") | H20: =IF(AND(ISNUMBER(E20),F20<>""),E20*INDEX(Lists!$B$2:$B$7,MATCH(F20,Lists!$A$2:$A$7,0)),"") | I20: 165
A22: R2. Increments are per size step on the book's 5 cm chart. The mapping from point numbers to landmarks depends on the figure, so transcribe it from the diagram. Some points have no horizontal or vertical increment: leave blank.

Sheet Decisions
A1: # | B1: Decision or approval item | C1: Owner | D1: Proposal or options | E1: Decision | F1: Date | G1: Linked rules | H1: Status
A2: 1 | B2: Reference method and permission to use and cite | C2: Lead developer | D2: Method selected: Aldrich, 4th ed. Permission status tracked on G0_signoff | G2: All | H2: Open
A3: 2 | B3: Measurement definitions and minimum set | C3: Pattern maker | D3: Four inputs: waist, hips, waist-to-hip, skirt length (bust optional, chart lookup only) | G3: ALD4-MEA-001 to 005 | H3: Proposed
A4: 3 | B4: Target population and size ranges | C4: Lead developer | D4: Chart range sizes 8 to 26 known; target population unknown | G4: ALD4-CHT-001, 002 | H4: Open
A5: 4 | B5: Offline storage model and customer consent | C5: Lead developer | G5: FR-037 | H5: Open
A6: 5 | B6: Reference printer and print tolerance | C6: Lead developer | G6: FR-032 | H6: Open
A7: 6 | B7: Priority of native versus browser export | C7: Lead developer | G7: FR-032, FR-033 | H7: Open
A8: 7 | B8: DXF dialect and compatible tools | C8: Lead developer | G8: FR-034 | H8: Open
A9: 8 | B9: Initial host target and asset cap | C9: Lead developer | G9: NFR-019 | H9: Open
A10: 9 | B10: Multi-language UI | C10: Lead developer | G10: FR-038 | H10: Open
A11: 10 | B11: Formal ownership of fit validation (blocks G0) | C11: Lead developer | D11: Name one qualified pattern maker as verifier | G11: All | H11: Open
A12: 11 | B12: Numeric interpretation of curves, notches, grainline | C12: Pattern maker with lead developer | D12: See ALD4-INT-001 to 008 | G12: ALD4-INT-001 to 008 | H12: Open
A13: 12 | B13: Small-waist trigger | C13: Pattern maker | D13: Numeric condition for ALD4-FIT-001 | G13: ALD4-FIT-001 to 004 | H13: Open
A14: 13 | B14: Default seam allowances | C14: Pattern maker | D14: Proposed side seam 15 mm, hem 30 mm, waist edge to decide | G14: ALD4-SA-001 to 003 | H14: Proposed
A15: 14 | B15: Chart size selection when bust is absent | C15: Pattern maker | D15: Select by hips; warn the user | G15: ALD4-INT-009 | H15: Proposed
A16: 15 | B16: Default display units per quantity class | C16: Lead developer | D16: Classes: body measurements, pattern dimensions, allowances and tolerances, fabric width, fabric length. Default cm for body, mm for allowances, m for fabric length | G16: FR-038 | H16: Proposed
A17: 16 | B17: Code-versus-hand-draft tolerance | C17: Pattern maker | D17: Set from the draft's own precision recorded on Reference_drafts | G17: NFR-014; AT-13 | H17: Open

Sheet G0_signoff
A1: G0 readiness (all formulas)
A3: R1 rules in register | B3: =COUNTIFS(Rule_register!$H$3:$H$102,"R1",Rule_register!$N$3:$N$102,"<>N/A") -> 65
A4: R1 rules Verified | B4: =COUNTIFS(Rule_register!$H$3:$H$102,"R1",Rule_register!$N$3:$N$102,"Verified") -> 0
A5: R1 rules Verified (share) | B5: =IF(B3=0,0,B4/B3) -> 0
A6: R1 interpretations (kind I) in register | B6: =COUNTIFS(Rule_register!$H$3:$H$102,"R1",Rule_register!$I$3:$I$102,"I",Rule_register!$N$3:$N$102,"<>N/A") -> 14
A7: R1 interpretations Verified | B7: =COUNTIFS(Rule_register!$H$3:$H$102,"R1",Rule_register!$I$3:$I$102,"I",Rule_register!$N$3:$N$102,"Verified") -> 0
A8: R1 rules checked against the figure (Y) | B8: =COUNTIFS(Rule_register!$H$3:$H$102,"R1",Rule_register!$Q$3:$Q$102,"Y") -> 0
A9: Reference drafts with result Pass | B9: =COUNTIF(Reference_drafts!$V$2:$V$11,"Pass") -> 0
A10: Reference drafts from real consenting clients | B10: =COUNTIF(Reference_drafts!$O$2:$O$11,"Y") -> 0
A11: Decisions still Open | B11: =COUNTIF(Decisions!$H$2:$H$17,"Open") -> 12
A12: Chart rows verified (EU and UK charts) | B12: =COUNTA(Size_charts!$L$4:$L$13)+COUNTA(Size_charts!$L$18:$L$25) -> 0
A14: G0 status | B14: =IF(AND(B5=1,B9=10,B7=B6,B11=0,B12=18),"READY FOR G0 REVIEW","NOT READY") -> NOT READY
A15: Ready means: every R1 rule Verified, every R1 interpretation Verified, 10 reference drafts Pass, no Open decisions, and all 18 EU and UK chart rows verified. The verifier still makes the final call.
A17: Sign-off
A18: Verifier name
A19: Qualification and organisation
A20: Verifier statement | B20: I have checked the transcription, interpretations and reference drafts against the 4th edition.
A21: Verifier signature date
A22: Lead developer name
A23: Lead developer date
A24: Edition pin confirmed | B24: 4th edition (2004), ISBN 1-4051-0278-0
A25: Source permission status | B25: Not requested
A26: Code-versus-hand-draft tolerance (mm)
A27: Rulebook version released | B27: 1.0.0

Sheet Lists
A1: Unit | B1: Millimetres per unit (exact by definition) | D1: Kind | E1: Status | F1: Release | G1: Yes/No | H1: Source tag | I1: Preset | J1: Result | K1: Permission | L1: Decision status
A2: mm | B2: 1 | D2: B | E2: Open | F2: R1 | G2: Y | H2: measured | I2: none | J2: Pending | K2: Not requested | L2: Open
A3: cm | B3: 10 | D3: I | E3: Transcribed | F3: R2 | G3: N | H3: chart-derived | I3: straight skirt | J3: Pass | K3: Requested | L3: Proposed
A4: m | B4: 1000 | D4: X | E4: Decided | H4: estimated | J4: Fail | K4: Granted | L4: Decided
A5: in | B5: 25.4 | E5: Verified | K5: Declined
A6: ft | B6: 304.8 | E6: Rejected
A7: yd | B7: 914.4 | E7: N/A
E8: Example
A9: Source: unit factors are exact by international definition (1 in = 25.4 mm). Edit this sheet only to add a unit.
